{
    "name": "root",
    "gauges": {
        "CarBehavior.Policy.Entropy.mean": {
            "value": 0.572674572467804,
            "min": 0.572674572467804,
            "max": 1.6093242168426514,
            "count": 38
        },
        "CarBehavior.Environment.EpisodeLength.mean": {
            "value": 42.694244604316545,
            "min": 36.66352201257862,
            "max": 694.578947368421,
            "count": 38
        },
        "CarBehavior.Policy.ExtrinsicValueEstimate.mean": {
            "value": 1.5632164478302002,
            "min": -0.25836262106895447,
            "max": 1.5632164478302002,
            "count": 38
        },
        "CarBehavior.Environment.CumulativeReward.mean": {
            "value": 1.7918528391566086,
            "min": -3.8626846339967518,
            "max": 1.807409165790246,
            "count": 38
        },
        "CarBehavior.Policy.ExtrinsicReward.mean": {
            "value": 1.7918528391566086,
            "min": -3.8626846339967518,
            "max": 1.807409165790246,
            "count": 38
        },
        "CarBehavior.IsTraining.mean": {
            "value": 1.0,
            "min": 1.0,
            "max": 1.0,
            "count": 38
        },
        "CarBehavior.Losses.PolicyLoss.mean": {
            "value": 0.14015241757159433,
            "min": 0.09495957262414907,
            "max": 0.15066787963979458,
            "count": 37
        },
        "CarBehavior.Losses.ValueLoss.mean": {
            "value": 0.014941104681976139,
            "min": 0.00026864285291473947,
            "max": 0.05072631085508321,
            "count": 37
        },
        "CarBehavior.Policy.LearningRate.mean": {
            "value": 0.0002864679045107001,
            "min": 0.0002864679045107001,
            "max": 0.00029962758012414,
            "count": 37
        },
        "CarBehavior.Policy.Epsilon.mean": {
            "value": 0.19548930000000006,
            "min": 0.19548930000000006,
            "max": 0.19987586000000007,
            "count": 37
        },
        "CarBehavior.Policy.Beta.mean": {
            "value": 0.0009553440699999996,
            "min": 0.0009553440699999996,
            "max": 0.000998771014,
            "count": 37
        }
    },
    "metadata": {
        "timer_format_version": "0.1.0",
        "start_time_seconds": "1613389415",
        "python_version": "3.8.5 (default, Sep  3 2020, 21:29:08) [MSC v.1916 64 bit (AMD64)]",
        "command_line_arguments": "E:\\programs\\Anaconda\\envs\\MLAgent\\Scripts\\mlagents-learn .\\ParkingCar.yaml --run id-OneCar03",
        "mlagents_version": "0.23.0",
        "mlagents_envs_version": "0.23.0",
        "communication_protocol_version": "1.3.0",
        "pytorch_version": "1.7.1+cpu",
        "numpy_version": "1.18.5",
        "end_time_seconds": "1613391691"
    },
    "total": 2276.1876507,
    "count": 1,
    "self": 0.005330599999979313,
    "children": {
        "run_training.setup": {
            "total": 0.06591159999999996,
            "count": 1,
            "self": 0.06591159999999996
        },
        "TrainerController.start_learning": {
            "total": 2276.1164085,
            "count": 1,
            "self": 0.9749945000367006,
            "children": {
                "TrainerController._reset_env": {
                    "total": 4.033390799999999,
                    "count": 1,
                    "self": 4.033390799999999
                },
                "TrainerController.advance": {
                    "total": 2270.7941905999633,
                    "count": 41450,
                    "self": 0.4841450999583685,
                    "children": {
                        "env_step": {
                            "total": 2270.310045500005,
                            "count": 41450,
                            "self": 2174.1536689000113,
                            "children": {
                                "SubprocessEnvManager._take_step": {
                                    "total": 95.59641860001625,
                                    "count": 41450,
                                    "self": 2.117222199999844,
                                    "children": {
                                        "TorchPolicy.evaluate": {
                                            "total": 93.4791964000164,
                                            "count": 38691,
                                            "self": 17.007377600017037,
                                            "children": {
                                                "TorchPolicy.sample_actions": {
                                                    "total": 76.47181879999937,
                                                    "count": 38691,
                                                    "self": 76.47181879999937
                                                }
                                            }
                                        }
                                    }
                                },
                                "workers": {
                                    "total": 0.559957999977347,
                                    "count": 41449,
                                    "self": 0.0,
                                    "children": {
                                        "worker_root": {
                                            "total": 2270.3250959999577,
                                            "count": 41449,
                                            "is_parallel": true,
                                            "self": 321.1151937999657,
                                            "children": {
                                                "steps_from_proto": {
                                                    "total": 0.0023124999999994955,
                                                    "count": 1,
                                                    "is_parallel": true,
                                                    "self": 0.000396899999998368,
                                                    "children": {
                                                        "_process_vector_observation": {
                                                            "total": 0.0019156000000011275,
                                                            "count": 4,
                                                            "is_parallel": true,
                                                            "self": 0.0019156000000011275
                                                        }
                                                    }
                                                },
                                                "UnityEnvironment.step": {
                                                    "total": 1949.207589699992,
                                                    "count": 41449,
                                                    "is_parallel": true,
                                                    "self": 5.160182799894301,
                                                    "children": {
                                                        "UnityEnvironment._generate_step_input": {
                                                            "total": 26.075939100035274,
                                                            "count": 41449,
                                                            "is_parallel": true,
                                                            "self": 26.075939100035274
                                                        },
                                                        "communicator.exchange": {
                                                            "total": 1813.6607738000223,