{
    "name": "root",
    "gauges": {
        "CarBehavior.Policy.Entropy.mean": {
            "value": 0.24471445381641388,
            "min": 0.1001991555094719,
            "max": 1.6093854904174805,
            "count": 127
        },
        "CarBehavior.Environment.EpisodeLength.mean": {
            "value": 233.40740740740742,
            "min": 123.45,
            "max": 1540.0,
            "count": 127
        },
        "CarBehavior.Policy.ExtrinsicValueEstimate.mean": {
            "value": 1.4752607345581055,
            "min": -0.19510117173194885,
            "max": 1.6360838413238525,
            "count": 127
        },
        "CarBehavior.Environment.CumulativeReward.mean": {
            "value": 1.3763469674370505,
            "min": -5.860628768801689,
            "max": 1.9390127396583556,
            "count": 127
        },
        "CarBehavior.Policy.ExtrinsicReward.mean": {
            "value": 1.3763469674370505,
            "min": -5.860628768801689,
            "max": 1.9390127396583556,
            "count": 127
        },
        "CarBehavior.IsTraining.mean": {
            "value": 1.0,
            "min": 1.0,
            "max": 1.0,
            "count": 127
        },
        "CarBehavior.Losses.PolicyLoss.mean": {
            "value": 0.1456456391343174,
            "min": 0.09671440853737295,
            "max": 0.1607923565022204,
            "count": 123
        },
        "CarBehavior.Losses.ValueLoss.mean": {
            "value": 0.02258342164824595,
            "min": 6.103092251653356e-05,
            "max": 0.04777371403358708,
            "count": 123
        },
        "CarBehavior.Policy.LearningRate.mean": {
            "value": 0.0002546349151216999,
            "min": 0.0002546349151216999,
            "max": 0.00029961285012905005,
            "count": 123
        },
        "CarBehavior.Policy.Epsilon.mean": {
            "value": 0.18487829999999997,
            "min": 0.18487829999999997,
            "max": 0.1998709500000001,
            "count": 123
        },
        "CarBehavior.Policy.Beta.mean": {
            "value": 0.0008502951699999999,
            "min": 0.0008502951699999999,
            "max": 0.0009987224049999997,
            "count": 123
        },
        "SecondCarBehavior.Policy.Entropy.mean": {
            "value": 1.4122413396835327,
            "min": 1.3984427452087402,
            "max": 1.586275339126587,
            "count": 30
        },
        "SecondCarBehavior.Policy.ExtrinsicValueEstimate.mean": {
            "value": -0.00011561851715669036,
            "min": -0.003986057825386524,
            "max": 0.00024300534278154373,
            "count": 30
        },
        "SecondCarBehavior.Losses.PolicyLoss.mean": {
            "value": 0.022786907727701568,
            "min": 0.01841315649760266,
            "max": 0.0256033950006046,
            "count": 10
        },
        "SecondCarBehavior.Losses.ValueLoss.mean": {
            "value": 5.358677546153888e-07,
            "min": 5.358677546153888e-07,
            "max": 0.00019813179458481043,
            "count": 10
        },
        "SecondCarBehavior.Policy.LearningRate.mean": {
            "value": 1.4692895102399998e-05,
            "min": 1.4692895102399998e-05,
            "max": 0.00028436160521279997,
            "count": 10
        },
        "SecondCarBehavior.Policy.Epsilon.mean": {
            "value": 0.10489760000000001,
            "min": 0.10489760000000001,
            "max": 0.19478719999999997,
            "count": 10
        },
        "SecondCarBehavior.Policy.Beta.mean": {
            "value": 0.00025439024,
            "min": 0.00025439024,
            "max": 0.00473988128,
            "count": 10
        },
        "SecondCarBehavior.Environment.EpisodeLength.mean": {
            "value": 1999.0,
            "min": 1999.0,
            "max": 1999.0,
            "count": 30
        },
        "SecondCarBehavior.Environment.CumulativeReward.mean": {
            "value": 0.0,
            "min": 0.0,
            "max": 0.0,
            "count": 30
        },
        "SecondCarBehavior.Policy.ExtrinsicReward.mean": {
            "value": 0.0,
            "min": 0.0,
            "max": 0.0,
            "count": 30
        },
        "SecondCarBehavior.IsTraining.mean": {
            "value": 0.0,
            "min": 0.0,
            "max": 1.0,
            "count": 30
        }
    },
    "metadata": {
        "timer_format_version": "0.1.0",
        "start_time_seconds": "1613818013",
        "python_version": "3.8.5 (default, Sep  3 2020, 21:29:08) [MSC v.1916 64 bit (AMD64)]",
        "command_line_arguments": "E:\\programs\\Anaconda\\envs\\MLAgent\\Scripts\\mlagents-learn .\\ParkingCar.yaml --run id-MultipleGoalsTwoCarsFirst19",
        "mlagents_version": "0.23.0",
        "mlagents_envs_version": "0.23.0",
        "communication_protocol_version": "1.3.0",
        "pytorch_version": "1.7.1+cpu",
        "numpy_version": "1.18.5",
        "end_time_seconds": "1613833671"
    },
    "total": 15658.5459512,
    "count": 1,
    "self": 0.005285199998979806,
    "children": {
        "run_training.setup": {
            "total": 0.007970900000000114,
            "count": 1,
            "self": 0.007970900000000114
        },
        "TrainerController.start_learning": {
            "total": 15658.5326951,
            "count": 1,
            "self": 5.964936300271802,
            "children": {
                "TrainerController._reset_env": {
                    "total": 4.293121,
                    "count": 1,
                    "self": 4.293121
                },
                "TrainerController.advance": {
                    "total": 15648.093447299729,
                    "count": 260738,
                    "self": 3.095165400145561,
                    "children": {
                        "env_step": {
                            "total": 15644.998281899583,
                            "count": 260738,
                            "self": 14675.53271849973,
                            "children": {
                                "SubprocessEnvManager._take_step": {
                                    "total": 965.8381624005377,
                                    "count": 260738,
                                    "self": 24.91219900020917,
                                    "children": {
                                        "TorchPolicy.evaluate": {
                                            "total": 940.9259634003286,
                                            "count": 511342,
                                            "self": 202.29752130036127,
                                            "children": {
                                                "TorchPolicy.sample_actions": {
                                                    "total": 738.6284420999673,
                                                    "count": 511342,
                                                    "self": 738.6284420999673
                                                }
                                            }
                                        }
                                    }
                                },
                                "workers": {
                                    "total": 3.6274009993150527,
                                    "count": 260737,
                                    "self": 0.0,
                                    "children": {
                                        "worker_root": {
                                            "total": 15645.267310900163,
                                            "count": 260737,
                                            "is_parallel": true,