{
    "name": "root",
    "gauges": {
        "CarBehavior.Policy.Entropy.mean": {
            "value": 0.5291042923927307,
            "min": 0.5291042923927307,
            "max": 1.6093765497207642,
            "count": 60
        },
        "CarBehavior.Environment.EpisodeLength.mean": {
            "value": 105.17293233082707,
            "min": 96.088,
            "max": 1106.090909090909,
            "count": 60
        },
        "CarBehavior.Policy.ExtrinsicValueEstimate.mean": {
            "value": 1.4267278909683228,
            "min": -0.11882376670837402,
            "max": 1.4267278909683228,
            "count": 60
        },
        "CarBehavior.Environment.CumulativeReward.mean": {
            "value": 1.5816443481839688,
            "min": -3.2105789159735045,
            "max": 1.5816443481839688,
            "count": 60
        },
        "CarBehavior.Policy.ExtrinsicReward.mean": {
            "value": 1.5816443481839688,
            "min": -3.2105789159735045,
            "max": 1.5816443481839688,
            "count": 60
        },
        "CarBehavior.IsTraining.mean": {
            "value": 1.0,
            "min": 1.0,
            "max": 1.0,
            "count": 60
        },
        "CarBehavior.Losses.PolicyLoss.mean": {
            "value": 0.14357857098022758,
            "min": 0.10025337843365727,
            "max": 0.14812163421192964,
            "count": 58
        },
        "CarBehavior.Losses.ValueLoss.mean": {
            "value": 0.02133949304807746,
            "min": 0.0001683968995695206,
            "max": 0.028989813376579854,
            "count": 58
        },
        "CarBehavior.Policy.LearningRate.mean": {
            "value": 0.00027858162713946007,
            "min": 0.00027858162713946007,
            "max": 0.00029963682012106,
            "count": 58
        },
        "CarBehavior.Policy.Epsilon.mean": {
            "value": 0.19286054000000002,
            "min": 0.19286054000000002,
            "max": 0.19987894000000003,
            "count": 58
        },
        "CarBehavior.Policy.Beta.mean": {
            "value": 0.0009293193460000004,
            "min": 0.0009293193460000004,
            "max": 0.0009988015059999996,
            "count": 58
        }
    },
    "metadata": {
        "timer_format_version": "0.1.0",
        "start_time_seconds": "1613412835",
        "python_version": "3.8.5 (default, Sep  3 2020, 21:29:08) [MSC v.1916 64 bit (AMD64)]",
        "command_line_arguments": "E:\\programs\\Anaconda\\envs\\MLAgent\\Scripts\\mlagents-learn .\\ParkingCar.yaml --run id-TwoGoalsOneCar01",
        "mlagents_version": "0.23.0",
        "mlagents_envs_version": "0.23.0",
        "communication_protocol_version": "1.3.0",
        "pytorch_version": "1.7.1+cpu",
        "numpy_version": "1.18.5",
        "end_time_seconds": "1613417575"
    },
    "total": 4740.0682657,
    "count": 1,
    "self": 0.009469399999943562,
    "children": {
        "run_training.setup": {
            "total": 0.010455799999999904,
            "count": 1,
            "self": 0.010455799999999904
        },
        "TrainerController.start_learning": {
            "total": 4740.0483404999995,
            "count": 1,
            "self": 2.5038865000242367,
            "children": {
                "TrainerController._reset_env": {
                    "total": 5.5599272,
                    "count": 1,
                    "self": 5.5599272
                },
                "TrainerController.advance": {
                    "total": 4731.856742199975,
                    "count": 82746,
                    "self": 1.2426876000317861,
                    "children": {
                        "env_step": {
                            "total": 4730.614054599943,
                            "count": 82746,
                            "self": 4474.763907699966,
                            "children": {
                                "SubprocessEnvManager._take_step": {
                                    "total": 254.38145659995578,
                                    "count": 82746,
                                    "self": 5.648435100003979,
                                    "children": {
                                        "TorchPolicy.evaluate": {
                                            "total": 248.7330214999518,
                                            "count": 80197,
                                            "self": 47.95862060000181,
                                            "children": {
                                                "TorchPolicy.sample_actions": {
                                                    "total": 200.77440089995,
                                                    "count": 80197,
                                                    "self": 200.77440089995
                                                }
                                            }
                                        }
                                    }
                                },
                                "workers": {
                                    "total": 1.4686903000216711,
                                    "count": 82745,
                                    "self": 0.0,
                                    "children": {
                                        "worker_root": {
                                            "total": 4731.0622806000465,
                                            "count": 82745,
                                            "is_parallel": true,
                                            "self": 556.1513561000338,
                                            "children": {
                                                "steps_from_proto": {
                                                    "total": 0.0017209999999998615,
                                                    "count": 1,
                                                    "is_parallel": true,
                                                    "self": 0.0001934999999999576,
                                                    "children": {
                                                        "_process_vector_observation": {
                                                            "total": 0.001527499999999904,
                                                            "count": 4,
                                                            "is_parallel": true,
                                                            "self": 0.001527499999999904
                                                        }
                                                    }
                                                },
                                                "UnityEnvironment.step": {
                                                    "total": 4174.909203500013,
                                                    "count": 82745,
                                                    "is_parallel": true,
                                                    "self": 11.813752999997632,
                                                    "children": {
                                                        "UnityEnvironment._generate_step_input": {
                                                            "total": 59.95299210005296,
                                                            "count": 82745,
                                                            "is_parallel": true,
                                                            "self": 59.95299210005296
                                                        },
                                                        "communicator.exchange": {
                                                            "total": 3879.7379310999977,